{
    "results": [
        {
            "end_time": 0.6299999952316284,
            "start_time": 0.38999998569488525
        },
        {
            "end_time": 1.2300000190734863,
            "start_time": 0.6299999952316284
        },
        {
            "end_time": 1.649999976158142,
            "start_time": 1.409999966621399
        },
        {
            "end_time": 1.7699999809265137,
            "start_time": 1.649999976158142
        }
    ]
}
